Player,Pos,MP,PTS_per36,AST_per36,TRB_per36,eFG%,Cluster_K13
Klay Thompson,SF,33.0,23.89090909090909,2.618181818181818,4.472727272727273,0.556,0
Tobias Harris,SF,32.9,16.085106382978722,2.735562310030395,6.237082066869302,0.575,0
P.J. Washington,PF,32.6,17.337423312883434,2.6503067484662575,5.411042944785276,0.52,0
Harrison Barnes,PF,32.5,16.615384615384617,1.7723076923076924,4.984615384615385,0.556,0
Andrew Wiggins,SF,32.2,19.118012422360245,2.5714285714285707,5.590062111801242,0.557,0
Gary Trent Jr.,SG,32.1,19.514018691588785,1.794392523364486,2.9158878504672896,0.522,0
Buddy Hield,SF,31.0,19.50967741935484,3.2516129032258063,5.806451612903226,0.596,0
Trey Murphy III,SF,31.0,16.838709677419352,1.6258064516129032,4.180645161290323,0.61,0
Cameron Johnson,PF,30.8,19.402597402597404,2.454545454545454,5.6103896103896105,0.565,0
Tim Hardaway Jr.,SF,30.3,17.10891089108911,2.1386138613861387,4.158415841584159,0.527,0
Dillon Brooks,SF,30.3,16.99009900990099,3.089108910891089,3.9207920792079203,0.468,0
Keegan Murray,SF,29.8,14.738255033557046,1.4496644295302012,5.5570469798657705,0.584,0
Kevin Huerter,SG,29.4,18.612244897959183,3.5510204081632653,4.040816326530612,0.603,0
Michael Porter Jr.,SF,29.0,21.599999999999998,1.2413793103448276,6.827586206896552,0.602,0
Immanuel Quickley,SG,28.9,18.560553633217992,4.235294117647059,5.231833910034602,0.537,0
Saddiq Bey,SF,28.8,18.500000000000004,2.0,5.875,0.488,0
Cameron Johnson,PF,28.5,19.578947368421055,2.4,5.557894736842106,0.579,0
Max Strus,SF,28.4,14.577464788732396,2.661971830985916,4.056338028169015,0.535,0
Marcus Morris,PF,28.1,14.348754448398575,2.306049822064057,5.124555160142348,0.513,0
Bogdan Bogdanović,SG,27.9,18.06451612903226,3.612903225806452,4.0,0.566,0
Saddiq Bey,SF,27.6,18.0,1.9565217391304348,6.130434782608696,0.513,0
Malik Beasley,SG,26.8,18.0,2.283582089552239,4.835820895522388,0.522,0
Devonte' Graham,PG,26.4,17.727272727272727,5.454545454545455,3.409090909090909,0.513,0
Malik Beasley,SG,25.8,17.72093023255814,2.0930232558139537,4.883720930232558,0.52,0
Saddiq Bey,SF,25.2,16.57142857142857,2.0,6.857142857142857,0.578,0
Cameron Johnson,PF,25.2,19.857142857142858,2.142857142857143,5.428571428571428,0.604,0
Eric Gordon,SG,24.9,15.903614457831326,3.0361445783132535,2.4578313253012047,0.597,0
Jordan Nwora,SF,24.6,19.024390243902438,3.0731707317073167,6.878048780487804,0.569,0
Luke Kennard,SG,24.6,16.536585365853657,3.365853658536585,4.536585365853658,0.743,0
Malik Beasley,SG,23.9,16.719665271966527,1.8075313807531381,4.97071129707113,0.515,0
Malaki Branham,SG,23.5,15.625531914893616,2.91063829787234,4.136170212765958,0.503,0
Lonnie Walker IV,SG,23.2,18.155172413793103,1.7068965517241381,2.9482758620689653,0.534,0
Svi Mykhailiuk,SF,22.5,16.96,4.32,3.84,0.553,0
Luke Kennard,SG,22.3,15.013452914798208,2.42152466367713,4.358744394618834,0.666,0
Shaedon Sharpe,SG,22.2,16.054054054054056,1.945945945945946,4.864864864864865,0.551,0
Terrence Ross,SG,21.1,14.161137440758294,2.559241706161137,4.0947867298578196,0.532,0
Julian Champagnie,SF,20.9,18.947368421052634,1.2057416267942584,6.889952153110048,0.59,0
Doug McDermott,SF,20.5,17.912195121951218,2.458536585365853,3.863414634146342,0.575,0
Landry Shamet,SG,20.2,15.504950495049505,4.099009900990099,3.0297029702970297,0.502,0
Cedi Osman,SF,20.1,15.582089552238802,2.6865671641791042,4.119402985074626,0.56,0
Seth Curry,SG,19.9,16.64321608040201,2.8944723618090458,2.8944723618090458,0.568,0
Chris Duarte,SF,19.5,14.584615384615384,2.5846153846153843,4.615384615384615,0.452,0
AJ Griffin,SF,19.5,16.430769230769233,1.846153846153846,3.8769230769230774,0.56,0
Georges Niang,PF,19.4,15.216494845360824,1.8556701030927836,4.453608247422681,0.596,0
Jordan Nwora,SF,19.2,16.3125,2.625,6.9375,0.533,0
Isaiah Joe,SG,19.1,17.905759162303664,2.2617801047120416,4.523560209424083,0.599,0
Julian Champagnie,SF,18.8,18.574468085106382,1.1489361702127658,6.702127659574468,0.581,0
Terrence Ross,SG,18.4,17.608695652173914,3.91304347826087,6.456521739130435,0.53,0
Tre Mann,PG,17.7,15.661016949152543,3.6610169491525424,4.677966101694915,0.474,0
Kevin Knox,PF,17.1,17.894736842105264,1.894736842105263,6.94736842105263,0.516,0
Obi Toppin,PF,15.7,16.96815286624204,2.2929936305732483,6.420382165605095,0.548,0
Jordan Nwora,SF,15.7,13.757961783439491,2.2929936305732483,7.10828025477707,0.487,0
Kevin Knox,SF-PF,15.1,15.735099337748345,1.1920529801324504,6.675496688741722,0.556,0
Simone Fontecchio,SF,14.7,15.42857142857143,1.959183673469388,4.163265306122449,0.47,0
Svi Mykhailiuk,SF,14.6,17.01369863013699,4.191780821917808,4.191780821917808,0.566,0
Patty Mills,PG,14.2,15.71830985915493,3.549295774647887,2.7887323943661975,0.529,0
Kendrick Nunn,SG,13.8,18.52173913043478,3.391304347826087,4.173913043478261,0.512,0
Kendrick Nunn,SG,13.5,17.866666666666667,2.4,3.7333333333333334,0.488,0
Payton Pritchard,PG,13.4,15.044776119402984,3.4925373134328357,4.835820895522388,0.527,0
Terence Davis,SG,13.1,18.412213740458018,2.7480916030534353,6.045801526717558,0.545,0
Johnny Juzang,SG,12.9,13.395348837209301,1.1162790697674418,6.1395348837209305,0.409,0
Danny Green,SG,12.5,15.84,1.44,3.744,0.612,0
Bam Adebayo,C,34.6,21.225433526011557,3.329479768786127,9.572254335260116,0.541,1
Domantas Sabonis,C,34.6,19.8728323699422,7.595375722543352,12.797687861271676,0.632,1
Evan Mobley,PF,34.4,16.953488372093023,2.9302325581395348,9.418604651162791,0.566,1
Nikola Vučević,C,33.5,18.9134328358209,3.4388059701492537,11.82089552238806,0.573,1
Jarrett Allen,C,32.6,15.791411042944786,1.8773006134969323,10.822085889570552,0.645,1
Rudy Gobert,C,30.7,15.713355048859937,1.4071661237785016,13.602605863192183,0.659,1
Deandre Ayton,C,30.4,21.315789473684212,2.013157894736842,11.842105263157896,0.592,1
Aaron Gordon,PF,30.2,19.43046357615894,3.5761589403973515,7.867549668874172,0.603,1
Wendell Carter Jr.,C,29.6,18.486486486486484,2.7972972972972965,10.581081081081079,0.591,1
Myles Turner,C,29.4,22.040816326530614,1.7142857142857142,9.183673469387756,0.612,1
Alperen Şengün,C,28.9,18.435986159169552,4.858131487889274,11.211072664359861,0.565,1
Mason Plumlee,C,28.5,15.410526315789474,4.673684210526316,12.252631578947366,0.669,1
Jaren Jackson Jr.,C,28.4,23.5774647887324,1.267605633802817,8.619718309859156,0.567,1
Jakob Poeltl,C,27.2,17.33823529411765,2.9117647058823533,12.044117647058822,0.652,1
Jusuf Nurkić,C,26.8,17.865671641791046,3.8955223880597014,12.223880597014924,0.561,1
Clint Capela,C,26.6,16.240601503759397,1.218045112781955,14.887218045112782,0.653,1
Jakob Poeltl,C,26.5,16.9811320754717,3.667924528301887,12.362264150943396,0.629,1
Jakob Poeltl,C,26.1,16.689655172413794,4.275862068965518,12.413793103448274,0.616,1
Bobby Portis,PF,26.0,19.52307692307692,2.076923076923077,13.292307692307691,0.555,1
Mason Plumlee,C,26.0,14.953846153846154,4.292307692307692,12.323076923076924,0.68,1
Christian Wood,C,25.9,23.073359073359075,2.501930501930502,10.146718146718147,0.583,1
James Wiseman,C,25.2,18.142857142857142,1.0,11.57142857142857,0.537,1
Jonas Valančiūnas,C,24.9,20.3855421686747,2.6024096385542173,14.746987951807228,0.57,1
Marvin Bagley III,C,23.6,18.305084745762713,1.3728813559322033,9.76271186440678,0.554,1
Zach Collins,C,22.9,18.23580786026201,4.558951965065503,10.061135371179041,0.568,1
Bol Bol,PF,21.5,15.237209302325581,1.6744186046511627,9.711627906976743,0.577,1
Thomas Bryant,C,21.4,20.35514018691589,1.1775700934579438,11.4392523364486,0.691,1
Precious Achiuwa,C,20.7,16.0,1.5652173913043481,10.434782608695652,0.521,1
Brandon Clarke,PF,19.5,18.46153846153846,2.4,10.153846153846153,0.658,1
James Wiseman,C,19.3,18.65284974093264,1.305699481865285,11.00518134715026,0.563,1
Mark Williams,C,19.3,16.787564766839377,0.7461139896373057,13.243523316062175,0.637,1
Jalen Smith,C,18.8,18.0,1.9148936170212767,11.106382978723405,0.53,1
Naz Reid,C,18.4,22.5,2.1521739130434785,9.58695652173913,0.602,1
Thomas Bryant,C,18.3,19.278688524590166,0.9836065573770492,11.213114754098362,0.659,1
Hamidou Diallo,SF,17.8,18.808988764044948,2.0224719101123596,7.0786516853932575,0.58,1
Cody Zeller,C,14.5,16.137931034482758,1.7379310344827585,10.675862068965516,0.627,1
Jock Landale,C,14.2,16.732394366197184,2.535211267605634,10.394366197183098,0.559,1
Andre Drummond,C,12.7,17.007874015748033,1.4173228346456692,18.708661417322833,0.606,1
James Wiseman,C,12.5,19.872,2.016,10.080000000000002,0.633,1
Willy Hernangómez,C,12.1,20.528925619834716,2.677685950413223,13.983471074380166,0.536,1
Montrezl Harrell,C,11.9,16.941176470588232,1.8151260504201678,8.470588235294116,0.598,1
Dewayne Dedmon,C,11.7,17.53846153846154,1.5384615384615385,11.076923076923077,0.539,1
Thomas Bryant,C,11.4,14.526315789473683,0.3157894736842105,10.421052631578945,0.515,1
Dewayne Dedmon,C,11.2,16.714285714285715,2.25,11.25,0.55,1
Chimezie Metu,PF,10.4,16.96153846153846,2.0769230769230766,10.384615384615383,0.61,1
Kyrie Irving,SG,38.2,25.44502617801047,5.654450261780105,4.712041884816754,0.586,2
DeMar DeRozan,SF,36.2,24.3646408839779,5.071823204419888,4.574585635359115,0.522,2
Zach LaVine,SG,35.9,24.86908077994429,4.211699164345404,4.5125348189415035,0.558,2
Jerami Grant,PF,35.7,20.672268907563023,2.4201680672268906,4.53781512605042,0.554,2
Mikal Bridges,SF-SG,35.7,20.26890756302521,3.3277310924369745,4.436974789915967,0.535,2
Jalen Brunson,PG,35.0,24.685714285714287,6.377142857142857,3.6,0.547,2
Jalen Green,SG,34.2,23.26315789473684,3.894736842105263,3.894736842105263,0.485,2
Mikal Bridges,SG,34.2,27.473684210526315,2.8421052631578947,4.7368421052631575,0.543,2
RJ Barrett,SG,33.9,20.8141592920354,2.9734513274336285,5.3097345132743365,0.485,2
Tyrese Maxey,SG,33.6,21.75,3.7499999999999996,3.107142857142857,0.568,2
Keldon Johnson,SF,32.7,24.22018348623853,3.192660550458715,5.504587155963303,0.512,2
Franz Wagner,SF,32.6,20.539877300613497,3.8650306748466257,4.52760736196319,0.543,2
Kelly Oubre Jr.,SF,32.3,22.625386996904027,1.2260061919504646,5.795665634674924,0.497,2
Bojan Bogdanović,PF,32.1,24.22429906542056,2.9158878504672896,4.261682242990654,0.57,2
Bennedict Mathurin,SG,28.5,21.09473684210526,1.894736842105263,5.178947368421052,0.487,2
Norman Powell,SG,26.1,23.448275862068964,2.4827586206896552,4.0,0.559,2
Rui Hachimura,PF,24.3,19.25925925925926,1.7777777777777777,6.37037037037037,0.534,2
Collin Sexton,PG,23.9,21.539748953974897,4.368200836820083,3.313807531380754,0.558,2
Alec Burks,SG,22.0,20.94545454545455,3.6,5.072727272727272,0.544,2
Jaylen Nowell,SG,19.3,20.145077720207254,3.7305699481865284,4.849740932642487,0.502,2
Cam Thomas,SG,16.6,22.987951807228914,3.0361445783132526,3.6867469879518064,0.497,2
Brandon Boston Jr.,SF,11.3,20.707964601769913,2.8672566371681416,4.460176991150442,0.467,2
Marcus Smart,PG,32.1,12.897196261682243,7.065420560747663,3.4766355140186915,0.511,3
Mike Conley,PG,31.4,16.05095541401274,5.7324840764331215,3.554140127388535,0.583,3
Kentavious Caldwell-Pope,SG,31.3,12.421725239616615,2.7603833865814695,3.1054313099041537,0.569,3
Kyle Lowry,PG,31.2,12.923076923076923,5.884615384615385,4.730769230769231,0.514,3
Mike Conley,PG,30.3,14.138613861386137,7.96039603960396,3.207920792079208,0.539,3
Eric Gordon,SG,30.2,15.6158940397351,3.4569536423841063,2.503311258278146,0.528,3
Caris LeVert,SG,30.2,14.42384105960265,4.649006622516556,4.529801324503311,0.517,3
Mike Conley,PG,29.7,12.969696969696969,9.333333333333332,3.0303030303030303,0.511,3
Austin Reaves,SG,28.8,16.25,4.25,3.7499999999999996,0.616,3
Eric Gordon,SG,28.5,15.663157894736843,3.4105263157894736,2.4,0.547,3
Derrick White,SG,28.3,15.773851590106007,4.96113074204947,4.579505300353357,0.56,3
De'Anthony Melton,SG,27.9,13.03225806451613,3.3548387096774195,5.290322580645161,0.546,3
Andrew Nembhard,SG,27.6,12.391304347826086,5.869565217391305,3.5217391304347827,0.512,3
Cam Reddish,SF,27.6,14.347826086956522,2.478260869565217,3.782608695652174,0.523,3
Grayson Allen,SG,27.4,13.664233576642337,3.0218978102189777,4.335766423357664,0.571,3
Monte Morris,PG,27.3,13.582417582417582,6.989010989010988,4.483516483516483,0.555,3
Donte DiVincenzo,SG,26.3,12.866920152091256,4.7908745247148286,6.159695817490494,0.574,3
Victor Oladipo,SG,26.3,14.646387832699618,4.7908745247148286,4.106463878326997,0.484,3
Ayo Dosunmu,SG,26.2,11.81679389312977,3.5725190839694663,3.847328244274809,0.545,3
Gabe Vincent,PG,25.9,13.065637065637068,3.474903474903475,2.9189189189189193,0.505,3
Reggie Jackson,PG,25.7,15.268482490272376,4.902723735408561,3.08171206225681,0.493,3
Josh Green,SG,25.7,12.747081712062258,2.3813229571984436,4.202334630350195,0.626,3
Cam Reddish,SF,24.8,14.080645161290322,2.0322580645161286,3.1935483870967745,0.518,3
Reggie Jackson,PG,24.4,15.049180327868854,5.0163934426229515,3.0983606557377055,0.486,3
Tyus Jones,PG,24.3,15.25925925925926,7.703703703703703,3.7037037037037037,0.523,3
Josh Richardson,SG,23.5,15.472340425531915,4.136170212765958,4.136170212765958,0.528,3
Coby White,SG,23.4,14.923076923076922,4.3076923076923075,4.461538461538462,0.551,3
Josh Richardson,SG,23.2,11.637931034482758,2.4827586206896552,3.7241379310344827,0.53,3
Terance Mann,SG,23.1,13.714285714285715,3.584415584415584,5.298701298701298,0.593,3
Joe Ingles,SF,22.7,10.94273127753304,5.233480176211454,4.440528634361233,0.603,3
Terrence Ross,SG,22.5,12.8,2.08,3.2,0.533,3
Jevon Carter,PG,22.3,12.914798206278027,3.8744394618834077,4.0358744394618835,0.549,3
Taurean Prince,PF,22.1,14.823529411764705,2.606334841628959,3.9095022624434383,0.565,3
Cam Reddish,SF,21.9,13.808219178082194,1.6438356164383563,2.63013698630137,0.511,3
Jose Alvarado,PG,21.5,15.069767441860465,5.023255813953488,3.8511627906976744,0.496,3
Damion Lee,SG,20.4,14.470588235294118,2.294117647058824,5.294117647058823,0.564,3
Reggie Jackson,PG,19.9,14.291457286432163,5.608040201005025,3.2562814070351758,0.457,3
Cory Joseph,PG,19.8,12.545454545454547,6.363636363636363,3.090909090909091,0.527,3
Will Barton,SG,19.6,14.142857142857142,4.408163265306122,5.142857142857142,0.477,3
George Hill,PG,19.1,9.424083769633508,4.712041884816754,3.5811518324607325,0.534,3
R.J. Hampton,SG,18.5,14.205405405405404,1.945945945945946,4.475675675675675,0.516,3
Devonte' Graham,PG,18.3,14.557377049180328,5.311475409836065,3.344262295081967,0.512,3
Davion Mitchell,PG,18.1,11.138121546961324,4.574585635359115,2.585635359116022,0.533,3
George Hill,PG-SG,18.1,9.944751381215468,4.773480662983426,3.580110497237569,0.572,3
Ty Jerome,SG,18.1,13.723756906077346,5.966850828729282,3.3812154696132595,0.56,3
Will Barton,SG,17.7,13.830508474576272,4.067796610169491,4.88135593220339,0.47,3
Ricky Rubio,PG,17.2,10.88372093023256,7.325581395348837,4.395348837209303,0.402,3
Bryce McGowens,SG,17.1,11.157894736842104,2.526315789473684,4.2105263157894735,0.46,3
Evan Fournier,SG,17.0,12.91764705882353,2.7529411764705882,3.8117647058823527,0.443,3
Daishen Nix,PG,16.0,9.0,5.175,3.8249999999999997,0.426,3
R.J. Hampton,SG,16.0,14.4,2.475,4.2749999999999995,0.517,3
Jordan McLaughlin,PG,15.8,8.430379746835444,7.746835443037974,3.1898734177215187,0.503,3
Goran Dragić,PG,15.4,14.961038961038962,6.311688311688312,3.2727272727272725,0.5,3
Devonte' Graham,PG,15.3,12.470588235294118,5.176470588235294,3.2941176470588234,0.511,3
Ziaire Williams,SF,15.2,13.500000000000002,2.1315789473684212,4.973684210526316,0.492,3
George Hill,SG,15.1,12.397350993377485,4.529801324503311,3.8145695364238414,0.721,3
James Bouknight,SG,15.1,13.350993377483444,2.8609271523178808,5.006622516556292,0.443,3
Nickeil Alexander-Walker,SG,15.0,14.879999999999999,4.32,4.08,0.547,3
Goran Dragić,PG,15.0,15.12,6.24,3.3599999999999994,0.499,3
TyTy Washington Jr.,PG,14.0,12.085714285714287,3.8571428571428568,3.8571428571428568,0.422,3
R.J. Hampton,SG,13.9,14.762589928057555,3.366906474820144,3.884892086330935,0.518,3
MarJon Beauchamp,SF,13.5,13.6,1.8666666666666667,5.866666666666667,0.492,3
Aaron Holiday,PG,13.4,10.477611940298507,3.761194029850746,3.2238805970149254,0.5,3
Will Barton,SG,13.2,12.272727272727273,3.0000000000000004,4.363636363636364,0.443,3
Malachi Flynn,PG,13.0,12.738461538461538,3.6,3.8769230769230765,0.457,3
Miles McBride,PG,11.9,10.588235294117647,3.327731092436975,2.4201680672268906,0.451,3
Bryn Forbes,SG,10.7,12.112149532710282,2.3551401869158877,2.0186915887850465,0.446,3
Raul Neto,PG,10.5,11.314285714285713,5.485714285714286,3.4285714285714284,0.573,3
Jeff Dowtin,PG,10.4,8.307692307692307,4.153846153846153,3.1153846153846154,0.482,3
De'Andre Hunter,SF,31.7,17.48895899053628,1.5899053627760251,4.769716088328076,0.522,4
Jabari Smith Jr.,PF,31.0,14.864516129032259,1.5096774193548388,8.361290322580645,0.475,4
Luguentz Dort,SF,30.7,16.06514657980456,2.462540716612378,5.394136807817589,0.466,4
Jaden McDaniels,SF,30.6,14.235294117647058,2.2352941176470584,4.588235294117647,0.591,4
Brook Lopez,C,30.4,18.82894736842105,1.5394736842105263,7.93421052631579,0.606,4
John Collins,PF,30.0,15.719999999999999,1.44,7.800000000000001,0.557,4
Kelly Olynyk,C,28.6,15.734265734265733,4.6573426573426575,7.804195804195803,0.583,4
Isaiah Stewart,C,28.3,14.374558303886927,1.7809187279151943,10.303886925795052,0.518,4
Kenyon Martin Jr.,SF,28.0,16.32857142857143,1.9285714285714284,7.071428571428571,0.617,4
Jalen McDaniels,SF,26.7,14.292134831460674,2.696629213483146,6.47191011235955,0.513,4
Deni Avdija,SF,26.6,12.451127819548871,3.789473684210526,8.661654135338345,0.497,4
Jeremy Sochan,PF,26.0,15.23076923076923,3.4615384615384617,7.338461538461538,0.483,4
Aaron Nesmith,SF,24.9,14.602409638554217,1.8795180722891567,5.493975903614459,0.525,4
Jarred Vanderbilt,PF,24.1,12.398340248962656,4.033195020746888,11.800829875518673,0.587,4
Jalen McDaniels,SF,23.9,14.158995815899583,2.410041841004184,6.476987447698745,0.518,4
Rui Hachimura,PF,23.3,17.304721030042916,1.390557939914163,6.952789699570815,0.53,4
Sandro Mamukelashvili,C,23.3,16.686695278969957,3.708154506437768,10.506437768240342,0.52,4
Kenrich Williams,PF,22.8,12.631578947368421,3.1578947368421053,7.7368421052631575,0.59,4
Rui Hachimura,PF,22.4,15.42857142857143,1.125,7.55357142857143,0.525,4
Eugene Omoruyi,SF,21.9,15.945205479452055,1.6438356164383563,5.753424657534247,0.489,4
Santi Aldama,PF,21.8,14.862385321100916,2.146788990825688,7.9266055045871555,0.56,4
Jae'Sean Tate,SF,21.8,15.027522935779816,4.458715596330276,6.275229357798165,0.509,4
Keita Bates-Diop,PF,21.7,16.092165898617512,2.4884792626728114,6.138248847926268,0.568,4
Tari Eason,PF,21.5,15.572093023255816,1.8418604651162793,10.046511627906977,0.493,4
Jonathan Kuminga,PF,20.8,17.134615384615383,3.2884615384615383,5.884615384615385,0.579,4
Aleksej Pokusevski,PF,20.6,14.15533980582524,3.3203883495145625,8.213592233009708,0.51,4
Kevin Love,PF,20.0,15.299999999999999,3.42,12.239999999999998,0.511,4
Kevin Love,PF,20.0,13.86,3.42,10.260000000000002,0.496,4
Chris Boucher,PF,20.0,16.92,0.72,9.9,0.552,4
Kevin Love,PF,20.0,14.76,3.42,11.52,0.506,4
Romeo Langford,SG,19.6,12.673469387755102,2.204081632653061,4.959183673469387,0.498,4
Moritz Wagner,C,19.5,19.384615384615383,2.769230769230769,8.307692307692308,0.564,4
Jeff Green,PF,19.5,14.399999999999999,2.215384615384615,4.8,0.534,4
Trendon Watford,PF,19.1,13.94764397905759,3.958115183246073,7.162303664921465,0.599,4
Jeremiah Robinson-Earl,PF,18.9,12.952380952380954,1.9047619047619049,8.0,0.518,4
T.J. Warren,PF,18.8,18.19148936170213,2.1063829787234045,5.361702127659575,0.55,4
Josh Okogie,SG,18.8,13.978723404255318,2.8723404255319145,6.702127659574468,0.471,4
Jaylin Williams,C,18.7,11.358288770053477,3.080213903743316,9.433155080213906,0.534,4
Aaron Wiggins,SG,18.5,13.23243243243243,2.140540540540541,5.837837837837839,0.579,4
Jalen McDaniels,SF,17.5,13.782857142857143,1.6457142857142857,6.582857142857143,0.537,4
Mo Bamba,C,17.0,15.458823529411763,2.3294117647058825,9.741176470588234,0.596,4
Trey Lyles,PF,16.9,16.189349112426036,1.9171597633136097,8.733727810650887,0.565,4
Oshae Brissett,PF,16.7,13.149700598802395,1.5089820359281436,7.3293413173652695,0.461,4
T.J. Warren,PF-SF,16.4,16.463414634146343,2.1951219512195124,6.365853658536586,0.53,4
Eugene Omoruyi,SF,16.1,15.652173913043478,1.5652173913043474,6.26086956521739,0.498,4
Damian Jones,C,15.8,10.481012658227845,1.3670886075949364,7.974683544303797,0.816,4
Mo Bamba,C,15.7,15.13375796178344,2.0636942675159236,10.547770700636942,0.585,4
Stanley Johnson,SF,15.6,13.384615384615385,5.0769230769230775,7.384615384615385,0.607,4
Darius Bazley,C,15.4,12.623376623376624,2.103896103896104,7.948051948051948,0.506,4
Sandro Mamukelashvili,C,15.3,14.352941176470587,3.2941176470588234,10.117647058823529,0.487,4
Johnny Davis,SG,15.1,13.827814569536425,2.384105960264901,5.483443708609272,0.436,4
Jalen Johnson,SF,14.9,13.530201342281877,2.8993288590604025,9.664429530201343,0.537,4
Rudy Gay,PF,14.6,12.82191780821918,2.4657534246575343,7.150684931506849,0.437,4
Dario Šarić,PF,14.4,14.499999999999998,3.7499999999999996,9.5,0.503,4
Darius Bazley,C,14.3,13.090909090909092,2.2657342657342654,8.055944055944057,0.508,4
Dario Šarić,PF-C,14.1,16.340425531914896,3.319148936170213,9.191489361702128,0.54,4
Derrick Jones Jr.,PF,14.0,12.857142857142858,1.2857142857142856,6.171428571428572,0.559,4
JaMychal Green,PF,14.0,16.45714285714286,2.3142857142857145,9.257142857142858,0.623,4
Blake Griffin,C,13.9,10.618705035971221,3.884892086330935,9.841726618705035,0.573,4
Zeke Nnaji,PF,13.7,13.664233576642337,0.7883211678832117,6.832116788321168,0.605,4
Jarrett Culver,SF,13.7,11.56204379562044,1.5766423357664234,9.985401459854014,0.407,4
Dario Šarić,C,13.7,19.445255474452555,2.3649635036496353,8.671532846715328,0.606,4
Nikola Jović,PF,13.6,14.558823529411764,1.852941176470588,5.5588235294117645,0.464,4
Jamal Cain,PF,13.3,14.616541353383457,1.894736842105263,7.849624060150376,0.614,4
Jaxson Hayes,C,13.0,13.846153846153847,1.9384615384615382,7.753846153846153,0.561,4
T.J. Warren,SF,12.3,12.292682926829267,2.0487804878048776,9.073170731707316,0.471,4
Eugene Omoruyi,SF,11.8,14.949152542372882,1.5254237288135593,7.016949152542372,0.511,4
Serge Ibaka,C,11.6,12.724137931034482,0.9310344827586207,8.689655172413792,0.537,4
Gorgui Dieng,C,11.5,12.208695652173912,5.321739130434783,10.956521739130435,0.474,4
Isaiah Roby,PF,11.3,13.061946902654865,2.8672566371681416,7.9646017699115035,0.49,4
Jabari Walker,SF,11.1,12.64864864864865,1.945945945945946,7.45945945945946,0.46,4
Anthony Gill,PF,10.6,11.20754716981132,2.0377358490566038,5.773584905660377,0.553,4
James Harden,PG,36.8,20.54347826086957,10.467391304347826,5.967391304347826,0.536,5
Fred VanVleet,PG,36.7,18.931880108991827,7.06267029972752,4.021798365122615,0.486,5
Dejounte Murray,SG,36.4,20.274725274725274,6.032967032967033,5.241758241758242,0.514,5
Darius Garland,PG,35.5,21.90422535211268,7.909859154929577,2.738028169014085,0.537,5
CJ McCollum,SG,35.3,21.31444759206799,5.813031161473089,4.487252124645893,0.515,5
Terry Rozier,SG,35.3,21.518413597733716,5.201133144475921,4.181303116147308,0.484,5
LaMelo Ball,PG,35.2,23.829545454545453,8.59090909090909,6.545454545454546,0.51,5
Anfernee Simons,SG,35.0,21.702857142857145,4.217142857142857,2.6742857142857144,0.548,5
Tyler Herro,SG,34.9,20.73352435530086,4.332378223495702,5.570200573065904,0.531,5
Spencer Dinwiddie,SG-PG,34.5,18.05217391304348,6.782608695652174,3.5478260869565212,0.524,5
Kevin Porter Jr.,PG,34.3,20.151603498542276,5.982507288629739,5.56268221574344,0.522,5
Spencer Dinwiddie,SG,34.1,18.686217008797655,5.595307917888563,3.272727272727273,0.555,5
Tyrese Haliburton,PG,33.6,22.178571428571427,11.142857142857142,3.9642857142857144,0.586,5
D'Angelo Russell,PG,32.9,19.58662613981763,6.784194528875381,3.3920972644376906,0.567,5
Jamal Murray,PG,32.8,21.951219512195124,6.8048780487804885,4.390243902439025,0.537,5
Jrue Holiday,PG,32.6,21.312883435582823,8.171779141104293,5.631901840490797,0.556,5
Jordan Clarkson,SG,32.6,22.969325153374232,4.858895705521473,4.41717791411043,0.519,5
D'Angelo Russell,PG,32.5,19.716923076923077,6.867692307692308,3.3230769230769233,0.572,5
Desmond Bane,SG,31.7,24.41640378548896,4.996845425867509,5.678233438485804,0.568,5
Jaden Ivey,SG,31.1,18.868167202572348,6.019292604501608,4.514469453376206,0.477,5
Devin Vassell,SG,31.0,21.483870967741936,4.180645161290323,4.5290322580645155,0.525,5
D'Angelo Russell,PG,30.9,20.271844660194173,7.106796116504854,3.378640776699029,0.588,5
Russell Westbrook,PG,30.2,18.834437086092716,9.059602649006623,5.841059602649008,0.538,5
Jordan Poole,PG,30.0,24.479999999999997,5.3999999999999995,3.24,0.514,5
Malcolm Brogdon,PG,26.0,20.63076923076923,5.123076923076923,5.815384615384616,0.574,5
Josh Richardson,SG,23.7,17.468354430379748,5.012658227848101,4.253164556962025,0.527,5
Malik Monk,SG,22.3,21.79372197309417,6.295964125560538,4.197309417040358,0.538,5
John Wall,PG,22.2,18.48648648648649,8.432432432432433,4.378378378378379,0.457,5
Cameron Payne,PG,20.2,18.356435643564357,8.01980198019802,3.920792079207921,0.49,5
Talen Horton-Tucker,SG,20.2,19.06930693069307,6.772277227722772,5.702970297029703,0.467,5
Bones Hyland,PG,19.5,22.338461538461537,5.538461538461538,3.692307692307692,0.503,5
Bones Hyland,PG,19.4,21.896907216494846,5.75257731958763,4.453608247422681,0.502,5
Bones Hyland,PG,18.9,20.571428571428573,6.476190476190477,6.666666666666667,0.496,5
Jaden Hardy,SG,14.8,21.405405405405407,3.4054054054054053,4.621621621621621,0.533,5
Kendrick Nunn,SG,14.1,19.148936170212764,4.595744680851064,4.340425531914893,0.543,5
Duane Washington Jr.,SG,12.7,22.393700787401578,5.669291338582677,3.4015748031496065,0.445,5
Derrick Rose,PG,12.5,16.128,4.896000000000001,4.32,0.443,5
Keon Johnson,SG,10.4,16.26923076923077,5.192307692307692,3.8076923076923075,0.455,5
Dorian Finney-Smith,PF,32.2,10.17391304347826,1.6770186335403725,5.254658385093167,0.54,6
Royce O'Neale,SF,31.7,9.993690851735018,4.201892744479496,5.79179810725552,0.524,6
Al Horford,C,30.5,11.567213114754098,3.540983606557377,7.3180327868852455,0.627,6
Dorian Finney-Smith,PF,30.4,9.828947368421055,1.7763157894736843,5.684210526315789,0.505,6
Reggie Bullock,SF,30.3,8.554455445544555,1.6633663366336633,4.2772277227722775,0.569,6
Quentin Grimes,SG,29.9,13.605351170568563,2.528428093645485,3.852842809364549,0.599,6
Caleb Martin,SF,29.3,11.795221843003413,1.9658703071672354,5.897610921501706,0.54,6
Corey Kispert,SF,28.3,14.120141342756183,1.526501766784452,3.5618374558303887,0.637,6
Patrick Williams,PF,28.3,12.975265017667843,1.526501766784452,5.088339222614842,0.549,6
Dorian Finney-Smith,PF,27.7,9.357400722021662,2.0794223826714804,6.368231046931409,0.448,6
Patrick Beverley,PG,27.5,7.592727272727273,4.581818181818181,6.414545454545455,0.5,6
Patrick Beverley,SG-PG,27.1,8.236162361623615,3.8523985239852396,4.915129151291513,0.511,6
Patrick Beverley,SG,26.9,8.565055762081785,3.479553903345725,4.148698884758365,0.517,6
Grant Williams,PF,25.9,11.258687258687258,2.362934362934363,6.393822393822394,0.575,6
P.J. Tucker,PF,25.6,4.921875,1.125,5.484375,0.549,6
Maxi Kleber,PF,25.1,8.46215139442231,2.0079681274900394,5.163346613545816,0.571,6
Torrey Craig,PF,24.7,10.785425101214575,2.1862348178137654,7.870445344129555,0.556,6
Gary Harris,SG,24.7,12.097165991902836,1.7489878542510122,2.91497975708502,0.603,6
Troy Brown Jr.,SF,24.5,10.432653061224489,1.9102040816326533,6.024489795918367,0.545,6
Pat Connaughton,SF,23.7,11.544303797468354,1.9746835443037976,6.987341772151899,0.521,6
Isaiah Livers,PF,23.1,10.441558441558442,1.2467532467532467,4.363636363636363,0.545,6
Nicolas Batum,PF,21.9,10.027397260273972,2.63013698630137,6.2465753424657535,0.583,6
Isaac Okoro,SF,21.7,10.617511520737327,1.8248847926267282,4.147465437788019,0.582,6
Luke Kennard,SG,20.7,13.565217391304348,1.9130434782608698,4.173913043478261,0.604,6
Joe Harris,SF,20.6,13.28155339805825,2.4466019417475726,3.8446601941747574,0.618,6
Ochai Agbaji,SG,20.5,13.873170731707317,1.931707317073171,3.6878048780487807,0.532,6
Dean Wade,PF,20.3,8.334975369458128,1.4187192118226601,6.029556650246305,0.54,6
Austin Rivers,SG,19.5,9.046153846153846,2.5846153846153843,2.953846153846154,0.538,6
Anthony Lamb,SF,19.3,12.49740932642487,2.7979274611398965,6.528497409326425,0.588,6
Chuma Okeke,SF,19.2,8.8125,2.625,6.75,0.459,6
Jae Crowder,PF,18.9,13.142857142857144,2.8571428571428577,7.238095238095239,0.606,6
Lamar Stevens,SF,18.1,10.541436464088397,0.9944751381215469,6.563535911602209,0.5,6
Nassir Little,SF,18.1,13.127071823204417,1.7900552486187844,5.171270718232044,0.538,6
David Roddy,PF,18.0,13.4,1.6,5.6,0.506,6
Duncan Robinson,SF,16.5,13.963636363636363,2.4,3.4909090909090907,0.504,6
Justin Holiday,SF,16.4,9.658536585365857,1.9756097560975612,3.9512195121951224,0.468,6
Rodney McGruder,SG,16.4,12.51219512195122,1.9756097560975612,5.048780487804878,0.543,6
Mike Muscala,C,16.2,13.111111111111114,1.3333333333333333,7.555555555555556,0.612,6
Sam Hauser,SF,16.1,14.310559006211179,2.012422360248447,5.813664596273292,0.631,6
Yuta Watanabe,SF,16.0,12.6,1.8,5.3999999999999995,0.621,6
Caleb Houstan,SF,15.9,8.60377358490566,1.3584905660377358,4.30188679245283,0.489,6
Wesley Matthews,SF,15.8,7.746835443037974,1.5949367088607593,5.012658227848101,0.484,6
Nickeil Alexander-Walker,SG,15.5,13.703225806451615,3.2516129032258063,4.180645161290323,0.488,6
Christian Braun,SG,15.5,10.916129032258064,1.8580645161290323,5.574193548387097,0.554,6
Ish Wainright,SF,15.3,9.882352941176471,2.1176470588235294,5.411764705882352,0.496,6
Justin Holiday,SF,15.3,10.588235294117647,2.1176470588235294,2.8235294117647056,0.49,6
Mike Muscala,C,15.0,14.639999999999999,1.9200000000000002,7.680000000000001,0.587,6
Vlatko Čančar,PF,14.8,12.162162162162161,3.1621621621621623,5.108108108108108,0.57,6
Justin Holiday,SF,14.7,11.020408163265307,2.2040816326530615,1.959183673469388,0.504,6
Ousmane Dieng,PF,14.6,12.082191780821919,2.958904109589041,6.657534246575343,0.492,6
Juancho Hernangómez,PF,14.6,7.150684931506849,1.4794520547945205,7.150684931506849,0.496,6
Mike Muscala,C,14.5,15.393103448275863,2.2344827586206897,7.696551724137931,0.576,6
Danuel House Jr.,SF,14.4,12.0,2.0,4.25,0.566,6
Kevin Knox,SF,14.1,14.297872340425531,1.021276595744681,6.638297872340426,0.589,6
Jared Rhoden,SG,14.1,8.170212765957448,0.7659574468085106,6.638297872340426,0.443,6
JT Thor,PF,14.0,9.77142857142857,1.2857142857142856,5.657142857142858,0.481,6
Kessler Edwards,SF,13.9,10.100719424460431,2.5899280575539567,5.438848920863309,0.543,6
Garrison Mathews,SG,13.4,12.895522388059701,1.3432835820895521,3.761194029850746,0.509,6
Lindy Waters III,SG,13.0,14.4,1.9384615384615382,4.984615384615385,0.556,6
Moses Moody,SG,13.0,13.292307692307691,2.2153846153846155,4.707692307692308,0.584,6
Frank Ntilikina,SG,12.9,8.093023255813954,3.3488372093023253,3.627906976744186,0.428,6
Garrison Mathews,SG,12.7,13.606299212598426,1.4173228346456692,3.968503937007874,0.52,6
Max Christie,SG,12.5,8.928,1.44,5.184000000000001,0.538,6
Amir Coffey,SF,12.5,9.792000000000002,3.168,3.168,0.424,6
Admiral Schofield,PF,12.2,12.393442622950822,2.360655737704918,5.0163934426229515,0.549,6
Jake LaRavia,PF,11.8,9.152542372881356,1.830508474576271,5.491525423728813,0.516,6
John Butler,C,11.6,7.448275862068965,1.8620689655172413,2.793103448275862,0.396,6
Dāvis Bertāns,PF,10.9,15.192660550458715,1.6513761467889907,3.9633027522935778,0.603,6
Matt Ryan,SF,10.8,13.0,1.0,4.0,0.439,6
Kessler Edwards,SF,10.7,9.42056074766355,2.0186915887850465,5.7196261682243,0.478,6
Markieff Morris,PF,10.6,12.226415094339623,3.056603773584906,7.471698113207548,0.524,6
Markieff Morris,PF,10.1,13.544554455445544,3.207920792079208,7.128712871287129,0.53,6
Josh Hart,SF,33.4,10.239520958083833,4.203592814371258,8.838323353293413,0.551,7
Josh Hart,SF,32.3,10.922600619195048,4.235294117647059,8.693498452012385,0.588,7
Draymond Green,PF,31.5,9.714285714285714,7.7714285714285705,8.228571428571428,0.57,7
Josh Hart,SF,30.0,12.239999999999998,4.32,8.4,0.672,7
Herbert Jones,PF,29.6,11.91891891891892,3.0405405405405403,4.986486486486486,0.525,7
Matisse Thybulle,SG,27.7,9.617328519855597,1.819494584837545,4.548736462093863,0.558,7
Justise Winslow,PF,26.8,9.134328358208956,4.567164179104478,6.716417910447761,0.444,7
Ben Simmons,PG,26.3,9.444866920152093,8.349809885931558,8.623574144486692,0.566,7
Delon Wright,PG,24.4,10.918032786885249,5.754098360655738,5.311475409836066,0.545,7
Jarred Vanderbilt,PF,24.1,11.800829875518673,3.5850622406639,11.203319502074688,0.58,7
Jarred Vanderbilt,PF,24.0,10.799999999999999,2.4,10.05,0.564,7
Alex Caruso,PG,23.5,8.578723404255319,4.4425531914893615,4.4425531914893615,0.551,7
Larry Nance Jr.,C,21.2,11.547169811320755,3.056603773584906,9.169811320754716,0.633,7
John Konchar,SF,20.8,8.826923076923075,2.423076923076923,7.442307692307692,0.525,7
Xavier Tillman Sr.,C,19.3,13.05699481865285,2.9844559585492227,9.32642487046632,0.621,7
Haywood Highsmith,PF,17.9,8.849162011173187,1.6089385474860338,7.039106145251397,0.516,7
Dyson Daniels,PG,17.7,7.728813559322034,4.677966101694915,6.508474576271188,0.483,7
Gary Payton II,SG,17.0,8.68235294117647,3.1764705882352944,5.5058823529411764,0.695,7
Matisse Thybulle,SF-SG,16.9,8.733727810650887,1.4911242603550297,4.260355029585799,0.542,7
Gary Payton II,SG,16.7,9.91616766467066,3.0179640718562872,6.682634730538923,0.688,7
Robert Covington,PF,16.2,13.333333333333334,2.6666666666666665,7.777777777777779,0.563,7
Juan Toscano-Anderson,SF,15.2,8.052631578947368,4.2631578947368425,6.86842105263158,0.429,7
Javonte Green,SF,15.0,12.48,1.6799999999999997,6.719999999999999,0.625,7
Thaddeus Young,PF,14.7,10.775510204081634,3.4285714285714284,7.591836734693878,0.561,7
Juan Toscano-Anderson,SF,13.5,8.0,3.466666666666667,6.4,0.476,7
Kevon Harris,SG,13.4,11.014925373134327,1.3432835820895521,5.64179104477612,0.514,7
Usman Garuba,C,12.9,8.372093023255815,2.511627906976744,11.441860465116278,0.554,7
Juan Toscano-Anderson,SF,12.2,7.967213114754099,2.360655737704918,5.901639344262295,0.53,7
Matisse Thybulle,SF,12.1,8.03305785123967,1.487603305785124,3.8677685950413223,0.522,7
Trent Forrest,SG,12.0,6.8999999999999995,5.1,4.8,0.417,7
Nerlens Noel,C,11.5,6.573913043478261,1.8782608695652172,8.45217391304348,0.375,7
Jonathan Isaac,PF,11.3,15.929203539823007,1.592920353982301,12.743362831858407,0.472,7
Nerlens Noel,C,10.9,7.5963302752293576,1.6513761467889907,8.587155963302752,0.417,7
Dru Smith,SG,10.5,9.942857142857143,5.142857142857142,5.485714285714286,0.456,7
Nic Claxton,C,29.9,15.17056856187291,2.2876254180602005,11.076923076923077,0.705,8
Ivica Zubac,C,28.6,13.594405594405593,1.2587412587412585,12.461538461538462,0.634,8
Steven Adams,C,27.0,11.466666666666665,3.0666666666666664,15.333333333333334,0.597,8
Mitchell Robinson,C,27.0,9.866666666666667,1.2,12.533333333333333,0.671,8
Jalen Duren,C,24.9,13.156626506024097,1.5903614457831328,12.867469879518074,0.648,8
Kevon Looney,C,23.9,10.543933054393307,3.765690376569038,14.008368200836824,0.63,8
Robert Williams,C,23.5,12.25531914893617,2.1446808510638298,12.714893617021277,0.747,8
Onyeka Okongwu,C,23.1,15.428571428571427,1.5584415584415583,11.220779220779221,0.642,8
Walker Kessler,C,23.0,14.399999999999999,1.4086956521739131,13.147826086956522,0.721,8
Daniel Gafford,C,20.6,15.728155339805824,1.9223300970873787,9.78640776699029,0.732,8
Drew Eubanks,C,20.3,11.704433497536945,2.305418719211823,9.576354679802956,0.651,8
Mason Plumlee,C,19.9,13.5678391959799,3.075376884422111,12.48241206030151,0.727,8
Isaiah Hartenstein,C,19.8,9.090909090909092,2.1818181818181817,11.818181818181818,0.547,8
Dwight Powell,C,19.2,12.562500000000002,1.6875,7.6875,0.732,8
Nick Richards,C,18.7,15.786096256684491,1.1550802139037435,12.320855614973263,0.631,8
Isaiah Jackson,C,16.5,15.70909090909091,1.7454545454545454,9.818181818181817,0.566,8
Jericho Sims,C,15.6,7.846153846153847,1.153846153846154,10.846153846153847,0.776,8
Wenyen Gabriel,C,15.1,13.112582781456954,1.1920529801324504,10.013245033112584,0.615,8
Goga Bitadze,C,15.0,13.92,2.88,12.48,0.589,8
DeAndre Jordan,C,15.0,12.239999999999998,2.16,12.48,0.77,8
Dominick Barlow,PF,14.6,9.616438356164384,2.219178082191781,8.876712328767123,0.535,8
Charles Bassey,C,14.5,14.151724137931035,3.2275862068965515,13.655172413793103,0.656,8
Bismack Biyombo,C,14.3,10.825174825174825,2.2657342657342654,10.825174825174825,0.578,8
Christian Koloko,C,13.8,8.08695652173913,1.3043478260869565,7.565217391304348,0.483,8
Orlando Robinson,C,13.7,9.722627737226277,2.102189781021898,10.773722627737225,0.528,8
Xavier Cooks,PF,12.6,10.857142857142856,1.7142857142857142,10.857142857142856,0.607,8
Goga Bitadze,C,12.0,13.200000000000001,3.0,10.799999999999999,0.576,8
Kai Jones,C,12.0,10.2,0.8999999999999999,8.1,0.575,8
Bruno Fernando,C,11.7,12.615384615384615,3.076923076923077,12.000000000000002,0.516,8
Luke Kornet,C,11.7,11.692307692307693,2.4615384615384617,8.923076923076923,0.674,8
Damian Jones,C,11.6,10.862068965517242,1.2413793103448276,9.310344827586208,0.698,8
Day'Ron Sharpe,C,11.5,14.71304347826087,2.5043478260869567,13.147826086956522,0.561,8
Paul Reed,C,10.9,13.871559633027523,1.3211009174311927,12.55045871559633,0.596,8
Bruno Fernando,C,10.4,13.5,2.769230769230769,12.115384615384615,0.527,8
Udoka Azubuike,C,10.0,12.6,1.08,11.879999999999999,0.819,8
Kevin Durant,PF,36.0,29.7,5.3,6.7,0.607,9
Shai Gilgeous-Alexander,PG,35.5,31.842253521126757,5.577464788732394,4.867605633802817,0.531,9
Joel Embiid,C,34.6,34.43930635838151,4.369942196531792,10.612716763005778,0.573,9
Anthony Davis,C,34.0,27.423529411764704,2.7529411764705882,13.23529411764706,0.573,9
Nikola Jokić,C,33.7,26.172106824925812,10.468842729970326,12.6053412462908,0.66,9
Jimmy Butler,PF,33.4,24.682634730538922,5.712574850299402,6.359281437125748,0.56,9
Zion Williamson,PF,33.0,28.363636363636363,5.018181818181818,7.636363636363637,0.615,9
Giannis Antetokounmpo,PF,32.1,34.87850467289719,6.392523364485981,13.233644859813083,0.572,9
Ja Morant,PG,31.9,29.56739811912226,9.141065830721002,6.6583072100313485,0.504,9
Kyrie Irving,PG-SG,37.4,26.085561497326207,5.294117647058823,4.909090909090908,0.572,10
Pascal Siakam,PF,37.4,23.294117647058826,5.5828877005347595,7.508021390374331,0.515,10
Kyrie Irving,PG,37.0,26.36756756756757,5.156756756756757,4.962162162162161,0.565,10
Anthony Edwards,SG,36.0,24.6,4.4,5.799999999999999,0.528,10
Jaylen Brown,SF,35.9,26.674094707520894,3.5097493036211698,6.919220055710307,0.55,10
Donovan Mitchell,SG,35.8,28.458100558659222,4.424581005586593,4.324022346368715,0.572,10
Kevin Durant,PF,35.6,29.426966292134832,5.056179775280898,6.775280898876404,0.614,10
Julius Randle,PF,35.5,25.453521126760567,4.157746478873239,10.140845070422536,0.536,10
LeBron James,PF,35.5,29.307042253521125,6.895774647887324,8.416901408450705,0.549,10
Kyle Kuzma,PF,35.0,21.805714285714284,3.805714285714286,7.405714285714286,0.518,10
Paul George,SF,34.6,24.763005780346823,5.306358381502889,6.3468208092485545,0.536,10
Devin Booker,SG,34.6,28.92485549132948,5.722543352601156,4.682080924855491,0.546,10
Lauri Markkanen,PF,34.4,26.79069767441861,1.9883720930232558,9.0,0.586,10
Brandon Ingram,SF,34.2,25.999999999999996,6.105263157894736,5.789473684210526,0.522,10
Paolo Banchero,PF,33.8,21.301775147928996,3.9408284023668645,7.349112426035504,0.465,10
Kawhi Leonard,SF,33.6,25.5,4.178571428571428,6.9642857142857135,0.572,10
Bradley Beal,SG,33.5,24.931343283582088,5.802985074626866,4.191044776119403,0.551,10
De'Aaron Fox,PG,33.4,26.94610778443114,6.574850299401198,4.526946107784432,0.557,10
Cade Cunningham,PG,33.3,21.513513513513512,6.486486486486487,6.7027027027027035,0.453,10
Karl-Anthony Towns,PF,33.0,22.690909090909095,5.236363636363636,8.836363636363636,0.565,10
Kristaps Porziņģis,C,32.6,25.619631901840492,2.98159509202454,9.276073619631902,0.565,10
Josh Giddey,PF,31.1,19.215434083601288,7.176848874598071,9.144694533762058,0.516,10
Russell Westbrook,PG,29.1,19.670103092783503,9.278350515463917,7.175257731958762,0.481,10
Russell Westbrook,PG,28.7,19.94425087108014,9.40766550522648,7.7770034843205575,0.46,10
Khris Middleton,SF,24.3,22.370370370370367,7.2592592592592595,6.222222222222221,0.499,10
Mikal Bridges,SF,36.4,17.01098901098901,3.5604395604395607,4.252747252747253,0.529,11
OG Anunoby,SF,35.6,16.98876404494382,2.0224719101123596,5.056179775280898,0.556,11
Spencer Dinwiddie,PG,35.3,16.827195467422097,9.280453257790368,4.181303116147308,0.465,11
Scottie Barnes,SF,34.8,15.827586206896553,4.9655172413793105,6.8275862068965525,0.487,11
Chris Paul,PG,32.0,15.637500000000001,10.012500000000001,4.8374999999999995,0.513,11
Gordon Hayward,SF,31.5,16.799999999999997,4.685714285714285,4.914285714285714,0.52,11
Jalen Williams,SG,30.3,16.75247524752475,3.9207920792079203,5.346534653465346,0.567,11
Dennis Schröder,PG,30.1,15.069767441860463,5.382059800664451,2.990033222591362,0.472,11
Markelle Fultz,PG,29.6,17.027027027027028,6.9324324324324325,4.743243243243243,0.534,11
Tre Jones,PG,29.2,15.904109589041097,8.136986301369863,4.438356164383562,0.489,11
Bruce Brown,SF,28.5,14.526315789473683,4.294736842105263,5.178947368421052,0.545,11
Kyle Anderson,PF,28.4,11.91549295774648,6.211267605633804,6.71830985915493,0.553,11
Killian Hayes,PG,28.3,13.102473498233216,7.886925795053004,3.6890459363957593,0.426,11
Cole Anthony,PG,25.9,18.06949806949807,5.420849420849421,6.671814671814672,0.516,11
Kris Dunn,PG,25.8,18.418604651162788,7.813953488372092,6.279069767441861,0.576,11
Dennis Smith Jr.,PG,25.7,12.32684824902724,6.723735408560311,4.342412451361867,0.438,11
Jalen Suggs,SG,23.5,15.16595744680851,4.4425531914893615,4.595744680851063,0.493,11
Naji Marshall,SF,23.3,14.06008583690987,3.8626609442060085,5.562231759656652,0.49,11
Shake Milton,SG,20.6,14.679611650485436,5.592233009708737,4.368932038834951,0.535,11
T.J. McConnell,PG,20.3,15.428571428571427,9.399014778325121,5.497536945812808,0.568,11
Théo Maledon,PG,19.4,12.432989690721651,6.494845360824743,5.195876288659794,0.457,11
Blake Wesley,SG,18.1,9.944751381215468,5.370165745856354,4.375690607734806,0.367,11
Jordan Goodwin,PG,17.8,13.348314606741571,5.460674157303371,6.6741573033707855,0.501,11
Saben Lee,PG,15.8,14.354430379746834,6.379746835443037,4.556962025316455,0.44,11
Saben Lee,PG,14.9,14.496644295302012,6.523489932885907,4.348993288590604,0.45,11
Nickeil Alexander-Walker,SG,14.7,15.42857142857143,5.142857142857143,3.918367346938776,0.591,11
Edmond Sumner,SG,13.9,18.38848920863309,3.366906474820144,3.884892086330935,0.519,11
McKinley Wright IV,PG,12.4,12.193548387096776,6.096774193548388,4.935483870967742,0.515,11
Josh Christopher,SG,12.3,16.97560975609756,3.2195121951219514,3.2195121951219514,0.497,11
Jayson Tatum,SF,36.9,29.36585365853659,4.48780487804878,8.585365853658537,0.543,12
Damian Lillard,PG,36.3,31.933884297520667,7.239669421487603,4.760330578512397,0.564,12
Luka Dončić,PG,36.2,32.22099447513812,7.955801104972375,8.552486187845304,0.56,12
Trae Young,PG,34.8,27.10344827586207,10.551724137931036,3.1034482758620694,0.485,12
Stephen Curry,PG,34.7,30.5014409221902,6.536023054755043,6.328530259365993,0.614,12
